{
  "episode": 0,
  "replay_mode": "action",
  "output_video": "artifacts/force_dashboard_ep000000.mp4",
  "camera_name": "robot0_agentview_right",
  "fps": 20,
  "camera_width": 256,
  "camera_height": 256,
  "T": 928,
  "nv": 110,
  "nbody": 309,
  "selected_arm_joint_names": [
    "robot0_joint1",
    "robot0_joint2",
    "robot0_joint3",
    "robot0_joint4",
    "robot0_joint5",
    "robot0_joint6",
    "robot0_joint7"
  ],
  "selected_arm_dof_indices": [
    4,
    5,
    6,
    7,
    8,
    9,
    10
  ],
  "selected_cfrc_topk_body_names": [
    "gripper0_right_rightfinger",
    "gripper0_right_right_gripper",
    "gripper0_right_finger_joint1_tip",
    "gripper0_right_leftfinger",
    "gripper0_right_finger_joint2_tip",
    "robot0_link0",
    "robot0_base",
    "mobilebase0_base"
  ],
  "selected_cfrc_topk_body_ids": [
    20,
    16,
    19,
    18,
    21,
    7,
    3,
    4
  ],
  "dof_joint_ids": [
    0,
    1,
    2,
    3,
    4,
    5,
    6,
    7,
    8,
    9,
    10,
    11,
    12,
    13,
    14,
    15,
    16,
    17,
    18,
    19,
    20,
    21,
    22,
    23,
    24,
    25,
    26,
    27,
    28,
    29,
    30,
    31,
    32,
    33,
    34,
    35,
    36,
    37,
    38,
    39,
    40,
    41,
    42,
    43,
    44,
    45,
    46,
    47,
    48,
    49,
    50,
    51,
    52,
    53,
    54,
    55,
    56,
    57,
    58,
    59,
    60,
    61,
    62,
    63,
    64,
    65,
    66,
    67,
    68,
    69,
    70,
    71,
    72,
    73,
    74,
    75,
    76,
    77,
    78,
    79,
    80,
    81,
    82,
    83,
    84,
    85,
    86,
    87,
    88,
    89,
    90,
    91,
    92,
    93,
    94,
    95,
    96,
    97,
    98,
    98,
    98,
    98,
    98,
    98,
    99,
    99,
    99,
    99,
    99,
    99
  ],
  "ncon_stats": {
    "mean": 29.45258620689655,
    "std": 4.742725122479265,
    "min": 3,
    "max": 40
  },
  "divergence_l2_stats": {
    "count": 927,
    "mean": 0.018374112460136014,
    "max": 1.220224882991157,
    "p95": 0.03494841792497324,
    "valid_ratio": 0.9698275862068966,
    "threshold": 0.1
  }
}