{
  "episode": 2,
  "replay_mode": "action",
  "output_video": "artifacts/force_dashboard_ep000002.mp4",
  "camera_name": "robot0_agentview_right",
  "fps": 20,
  "camera_width": 256,
  "camera_height": 256,
  "T": 1865,
  "nv": 106,
  "nbody": 316,
  "selected_arm_joint_names": [
    "robot0_joint1",
    "robot0_joint2",
    "robot0_joint3",
    "robot0_joint4",
    "robot0_joint5",
    "robot0_joint6",
    "robot0_joint7"
  ],
  "selected_arm_dof_indices": [
    4,
    5,
    6,
    7,
    8,
    9,
    10
  ],
  "selected_cfrc_topk_body_names": [
    "gripper0_right_leftfinger",
    "gripper0_right_finger_joint2_tip",
    "gripper0_right_rightfinger",
    "gripper0_right_finger_joint1_tip",
    "gripper0_right_right_gripper",
    "robot0_link5",
    "robot0_link7",
    "robot0_link6"
  ],
  "selected_cfrc_topk_body_ids": [
    18,
    21,
    20,
    19,
    16,
    12,
    14,
    13
  ],
  "dof_joint_ids": [
    0,
    1,
    2,
    3,
    4,
    5,
    6,
    7,
    8,
    9,
    10,
    11,
    12,
    13,
    14,
    15,
    16,
    17,
    18,
    19,
    20,
    21,
    22,
    23,
    24,
    25,
    26,
    27,
    28,
    29,
    30,
    31,
    32,
    33,
    34,
    35,
    36,
    37,
    38,
    39,
    40,
    41,
    42,
    43,
    44,
    45,
    46,
    47,
    48,
    49,
    50,
    51,
    52,
    53,
    54,
    55,
    56,
    57,
    58,
    59,
    60,
    61,
    62,
    63,
    64,
    65,
    66,
    67,
    68,
    69,
    70,
    71,
    72,
    73,
    74,
    75,
    76,
    77,
    78,
    79,
    80,
    81,
    82,
    83,
    84,
    85,
    86,
    87,
    88,
    89,
    90,
    91,
    92,
    93,
    94,
    94,
    94,
    94,
    94,
    94,
    95,
    95,
    95,
    95,
    95,
    95
  ],
  "ncon_stats": {
    "mean": 19.021447721179623,
    "std": 1.7490161295796158,
    "min": 16,
    "max": 29
  },
  "divergence_l2_stats": {
    "count": 1864,
    "mean": 0.026338262239889887,
    "max": 1.6254517330723062,
    "p95": 0.1158759869450828,
    "valid_ratio": 0.9420911528150134,
    "threshold": 0.1
  }
}